{
	"files": [

	],
	"folders": {
		"Characters": {
			"files": [
				"character-1645147809.json",
				"character-1645148309.json",
				"character-1647262996.json",
				"character-1647538617.json",
				"character-1647539097.json",
				"character-1647540127.json",
				"character-1647966059.json",
				"character-1648056573.json",
				"character-1648214213.json",
				"character-1648412143.json",
				"character-1648412164.json",
				"character-1648412180.json",
				"character-1648412186.json"
			],
			"folders": {

			},
			"metadata": {
				"color": null,
				"folded": false
			}
		},
		"Definitions": {
			"files": [
				"1647262555-648"
			],
			"folders": {

			},
			"metadata": {
				"color": null,
				"folded": false
			}
		},
		"Themes": {
			"files": [
				"default-theme.cfg",
				"theme-1647262576.cfg"
			],
			"folders": {

			},
			"metadata": {
				"color": null,
				"folded": false
			}
		},
		"Timelines": {
			"files": [
				"timeline-1645147839.json",
				"timeline-1647262444.json",
				"timeline-1647262466.json",
				"timeline-1647539068.json",
				"timeline-1647539730.json",
				"timeline-1647540983.json",
				"timeline-1647540989.json",
				"timeline-1647966032.json",
				"timeline-1648056155.json",
				"timeline-1648061025.json",
				"timeline-1648214042.json",
				"timeline-1648214246.json",
				"timeline-1648214363.json",
				"timeline-1648214480.json",
				"timeline-1648214653.json",
				"timeline-1648214654.json",
				"timeline-1648214655.json",
				"timeline-1648214657.json",
				"timeline-1648214659.json",
				"timeline-1648215188.json",
				"timeline-1648215189.json",
				"timeline-1648215191.json",
				"timeline-1648215192.json",
				"timeline-1648215458.json",
				"timeline-1648215459.json",
				"timeline-1648215460.json",
				"timeline-1648215461.json",
				"timeline-1648215462.json",
				"timeline-1648216016.json",
				"timeline-1648216017.json",
				"timeline-1648216018.json",
				"timeline-1648216019.json",
				"timeline-1648216020.json",
				"timeline-1648818672.json"
			],
			"folders": {

			},
			"metadata": {
				"color": null,
				"folded": false
			}
		}
	}
}
