{
	"events": [
		{
			"event_id": "dialogic_024",
			"set_theme": "default-theme.cfg"
		},
		{
			"action": "join",
			"character": "character-1647966059.json",
			"event_id": "dialogic_002",
			"mirror": false,
			"portrait": "",
			"position": {
				"0": true,
				"1": false,
				"2": false,
				"3": false,
				"4": false
			}
		},
		{
			"character": "character-1647966059.json",
			"event_id": "dialogic_001",
			"portrait": "",
			"text": " - Nossa, você chegou rápido aqui! Derramaram essa bebida e está tudo grudento"
		},
		{
			"character": "character-1648056573.json",
			"event_id": "dialogic_001",
			"portrait": "",
			"text": "- Quem? Eu?"
		},
		{
			"character": "character-1647966059.json",
			"event_id": "dialogic_001",
			"portrait": "",
			"text": "- Sim, não é você o faxineiro?"
		},
		{
			"character": "character-1648056573.json",
			"event_id": "dialogic_001",
			"portrait": "",
			"text": "- Como assim? Eu sou o novo diretor financeiro da empresa."
		},
		{
			"character": "character-1647966059.json",
			"event_id": "dialogic_001",
			"portrait": "",
			"text": "- Ah com certeza! Hahaha, e seu nome seria qual Dr. Diretor Financeiro?"
		},
		{
			"character": "character-1648056573.json",
			"event_id": "dialogic_001",
			"portrait": "",
			"text": "- João"
		},
		{
			"character": "character-1647966059.json",
			"event_id": "dialogic_001",
			"portrait": "",
			"text": "- Meu Deus, mil desculpas Dr. João. Fui informado que o Sr. chegaria só às 10h. Pode se dirigir à recepção para mostrarem sua sala."
		},
		{
			"character": "",
			"event_id": "dialogic_001",
			"portrait": "",
			"text": "Vá à Recepção."
		},
		{
			"event_id": "dialogic_022",
			"transition_duration": 1
		}
	],
	"metadata": {
		"dialogic-version": "1.3",
		"file": "timeline-1648056155.json",
		"name": "Joao1"
	}
}
