{
	"events": [
		{
			"character": "character-1647538617.json",
			"event_id": "dialogic_001",
			"portrait": "",
			"text": "- Com licença, o Sr. precisa de ajuda?"
		},
		{
			"character": "character-1648412186.json",
			"event_id": "dialogic_001",
			"portrait": "",
			"text": "- Não, por que?"
		},
		{
			"character": "character-1647538617.json",
			"event_id": "dialogic_001",
			"portrait": "",
			"text": "- Parece perdido… Para onde precisa ir?"
		},
		{
			"character": "character-1648412186.json",
			"event_id": "dialogic_001",
			"portrait": "",
			"text": "- Estou indo para a minha sala."
		},
		{
			"character": "character-1647538617.json",
			"event_id": "dialogic_001",
			"portrait": "",
			"text": "- Sua sala?"
		},
		{
			"character": "character-1648412186.json",
			"event_id": "dialogic_001",
			"portrait": "",
			"text": "- Sim, trabalho aqui."
		},
		{
			"character": "character-1647538617.json",
			"event_id": "dialogic_001",
			"portrait": "",
			"text": "- Trabalha? Desculpe pelo mal entendido…"
		},
		{
			"character": "character-1648412186.json",
			"event_id": "dialogic_001",
			"portrait": "",
			"text": "- Não é porque já sou idoso que não sou capacitado!"
		},
		{
			"event_id": "dialogic_022",
			"transition_duration": 1
		}
	],
	"metadata": {
		"dialogic-version": "1.3",
		"file": "timeline-1648216018.json",
		"name": "Antonio3"
	}
}
