{
	"events": [
		{
			"character": "character-1647966059.json",
			"event_id": "dialogic_001",
			"portrait": "",
			"text": "- Bom dia! O senhor deve ser o novo funcionário?"
		},
		{
			"character": "character-1648412186.json",
			"event_id": "dialogic_001",
			"portrait": "",
			"text": "- Bom dia! Sou sim o novo funcionário da empresa."
		},
		{
			"character": "character-1647966059.json",
			"event_id": "dialogic_001",
			"portrait": "",
			"text": "- É… o senhor já conheceu a empresa?"
		},
		{
			"character": "character-1648412186.json",
			"event_id": "dialogic_001",
			"portrait": "",
			"text": "- Ainda não, primeiro dia no trabalho…"
		},
		{
			"character": "character-1647966059.json",
			"event_id": "dialogic_001",
			"portrait": "",
			"text": "- Então o Sr. pode se dirigir à recepção, lá irão de auxiliar."
		},
		{
			"character": "character-1648412186.json",
			"event_id": "dialogic_001",
			"portrait": "",
			"text": "- Muito obrigado!"
		},
		{
			"character": "character-1647966059.json",
			"event_id": "dialogic_001",
			"portrait": "",
			"text": "Dirija-se a recepção."
		},
		{
			"event_id": "dialogic_022",
			"transition_duration": 1
		}
	],
	"metadata": {
		"dialogic-version": "1.3",
		"file": "timeline-1648216016.json",
		"name": "Antonio1"
	}
}
