{
	"events": [
		{
			"event_id": "dialogic_024",
			"set_theme": "theme-1647262576.cfg"
		},
		{
			"action": "join",
			"character": "character-1647540127.json",
			"event_id": "dialogic_002",
			"mirror": false,
			"portrait": "",
			"position": {
				"0": false,
				"1": false,
				"2": false,
				"3": false,
				"4": false
			}
		},
		{
			"character": "character-1647540127.json",
			"event_id": "dialogic_001",
			"portrait": "",
			"text": "- Bem vinda ao nosso grupo de apoio à comunidade LGBTQIA+! Soubemos do desentendimento que ocorreu hoje…"
		},
		{
			"character": "character-1645148309.json",
			"event_id": "dialogic_001",
			"portrait": "",
			"text": " - Infelizmente essas coisas são mais comuns do que parece."
		},
		{
			"character": "character-1647540127.json",
			"event_id": "dialogic_001",
			"portrait": "",
			"text": "- Mas não deveriam! Por isso estamos aqui para te ajudar com qualquer situação dessas."
		},
		{
			"character": "character-1645148309.json",
			"event_id": "dialogic_001",
			"portrait": "",
			"text": " - Mas como?"
		},
		{
			"character": "character-1647540127.json",
			"event_id": "dialogic_001",
			"portrait": "",
			"text": "- Aqui na AMBEV temos grupos que representam minorias e transformam nossa empresa. "
		},
		{
			"character": "character-1645148309.json",
			"event_id": "dialogic_001",
			"portrait": "",
			"text": "- Que bom que tenho uma comunidade que me entende, é horrível se sentir excluída e não compreendida no trabalho…"
		},
		{
			"character": "character-1647540127.json",
			"event_id": "dialogic_001",
			"portrait": "",
			"text": "- Agora você não está mais sozinha, sempre que precisar é só vir aqui no LAGER que resolveremos! Assim construímos um ambiente cada vez mais entendido de inclusão e que todos podem ser eles mesmos, criando iniciativas na AMBEV."
		},
		{
			"event_id": "dialogic_022",
			"transition_duration": 1
		}
	],
	"metadata": {
		"dialogic-version": "1.3",
		"file": "timeline-1647539730.json",
		"name": "timeline5"
	}
}
