{
	"events": [
		{
			"character": "character-1647540127.json",
			"event_id": "dialogic_001",
			"portrait": "",
			"text": "- Boa tarde e bem-vindo a LAGER. Você já trabalha na empresa há algum tempo, certo?"
		},
		{
			"character": "character-1648412143.json",
			"event_id": "dialogic_001",
			"portrait": "",
			"text": "- Sim, trabalho. Mas nunca vim aqui antes…"
		},
		{
			"character": "character-1647540127.json",
			"event_id": "dialogic_001",
			"portrait": "",
			"text": "- Agora você tem um espaço para te acolher, qualquer situação estaremos aqui como um grupo de apoio e de empatia."
		},
		{
			"character": "character-1648412143.json",
			"event_id": "dialogic_001",
			"portrait": "",
			"text": "-  Hoje aconteceram coisas que não quero que se repitam com nenhum outro colaborador daqui…"
		},
		{
			"character": "character-1647540127.json",
			"event_id": "dialogic_001",
			"portrait": "",
			"text": " - Então você está no lugar certo! Juntos temos mais voz na empresa e iremos nos mobilizar contra qualquer ofensa à comunidade LGBTQIA+"
		},
		{
			"event_id": "dialogic_022",
			"transition_duration": 1
		}
	],
	"metadata": {
		"dialogic-version": "1.3",
		"file": "timeline-1648214659.json",
		"name": "Lucas5"
	}
}
