{
	"events": [
		{
			"event_id": "dialogic_024",
			"set_theme": "theme-1647262576.cfg"
		},
		{
			"action": "join",
			"character": "character-1645147809.json",
			"event_id": "dialogic_002",
			"mirror": false,
			"portrait": "",
			"position": {
				"0": true,
				"1": false,
				"2": false,
				"3": false,
				"4": false
			}
		},
		{
			"character": "character-1645147809.json",
			"event_id": "dialogic_001",
			"portrait": "",
			"text": "- Olá, você deve ser a nova funcionária"
		},
		{
			"character": "character-1645148309.json",
			"event_id": "dialogic_001",
			"portrait": "",
			"text": "- Sim. Mandaram que eu viesse aqui para receber informações"
		},
		{
			"character": "character-1645147809.json",
			"event_id": "dialogic_001",
			"portrait": "",
			"text": "- Perfeito. Eu preencherei sua ficha. Pode me passar seus documentos?"
		},
		{
			"character": "character-1645148309.json",
			"event_id": "dialogic_001",
			"portrait": "",
			"text": "- Certo"
		},
		{
			"character": "character-1645147809.json",
			"event_id": "dialogic_001",
			"portrait": "",
			"text": "- ... "
		},
		{
			"character": "character-1645148309.json",
			"event_id": "dialogic_001",
			"portrait": "",
			"text": "- Algum problema?"
		},
		{
			"character": "character-1645147809.json",
			"event_id": "dialogic_001",
			"portrait": "",
			"text": "- Você é mulher?"
		},
		{
			"character": "character-1645148309.json",
			"event_id": "dialogic_001",
			"portrait": "",
			"text": "- Sim, uma mulher trans."
		},
		{
			"character": "character-1645147809.json",
			"event_id": "dialogic_001",
			"portrait": "",
			"text": "- Entendo... Mas nós precisamos do seu nome anterior."
		},
		{
			"character": "character-1645148309.json",
			"event_id": "dialogic_001",
			"portrait": "",
			"text": "- Ele não me representa mais. Meu nome é Glória."
		},
		{
			"character": "character-1645147809.json",
			"event_id": "dialogic_001",
			"portrait": "",
			"text": "- Isso pode ser um problema... Na sala do RH eles podem conversar melhor com você."
		},
		{
			"custom_slot": "",
			"event_id": "dialogic_026",
			"use_default_slot": true
		},
		{
			"character": "",
			"event_id": "dialogic_001",
			"portrait": "",
			"text": "Vá para o RH"
		},
		{
			"event_id": "dialogic_022",
			"transition_duration": 1
		}
	],
	"metadata": {
		"dialogic-version": "1.3",
		"file": "timeline-1645147839.json",
		"name": "timeline1"
	}
}
