{
	"events": [
		{
			"character": "character-1648412186.json",
			"event_id": "dialogic_001",
			"portrait": "",
			"text": "- Olá, tudo bem? Ouvi algumas pessoas dizendo que aqui tem grupos de apoio às minorias, mas não encontrei nenhum para pessoas da melhor idade."
		},
		{
			"character": "character-1648056573.json",
			"event_id": "dialogic_001",
			"portrait": "",
			"text": "- Olá! Temos sim, a BOCK, LAGER, IPA e WEISS, mas não temos muitas pessoas idosas colaborando na nossa empresa…"
		},
		{
			"character": "character-1648412186.json",
			"event_id": "dialogic_001",
			"portrait": "",
			"text": "- Por isso vim até aqui. Quero propor a criação de uma sala dessas, é muito importante dar visibilidade ao nosso grupo para diminuir o preconceito e representatividade à outros idosos que querem voltar a trabalhar."
		},
		{
			"character": "character-1648056573.json",
			"event_id": "dialogic_001",
			"portrait": "",
			"text": "- Com certeza! O RH fornecerá todo o apoio necessário. Nós da AMBEV queremos apoiar e ajudar todas as minorias para que se sintam acolhidas e representadas."
		},
		{
			"event_id": "dialogic_022",
			"transition_duration": 1
		}
	],
	"metadata": {
		"dialogic-version": "1.3",
		"file": "timeline-1648216020.json",
		"name": "Antonio5"
	}
}
