{
	"events": [
		{
			"event_id": "dialogic_024",
			"set_theme": "theme-1647262576.cfg"
		},
		{
			"action": "join",
			"character": "character-1647539097.json",
			"event_id": "dialogic_002",
			"mirror": false,
			"portrait": "",
			"position": {
				"0": true,
				"1": false,
				"2": false,
				"3": false,
				"4": false
			}
		},
		{
			"character": "character-1647539097.json",
			"event_id": "dialogic_001",
			"portrait": "",
			"text": "- Olá, tudo bem? Você é a nova estagiária da área administrativa, certo? "
		},
		{
			"character": "character-1645148309.json",
			"event_id": "dialogic_001",
			"portrait": "",
			"text": "- Sim, muito prazer em te conhecer"
		},
		{
			"character": "character-1647539097.json",
			"event_id": "dialogic_001",
			"portrait": "",
			"text": "- O prazer é meu! Posso te fazer uma pergunta? "
		},
		{
			"character": "character-1645148309.json",
			"event_id": "dialogic_001",
			"portrait": "",
			"text": "- Pode sim, se eu souber responder"
		},
		{
			"character": "character-1647539097.json",
			"event_id": "dialogic_001",
			"portrait": "",
			"text": "- Você é trans, mas tem uma namorada? Por que não continuou homem então? Não faz sentido!"
		},
		{
			"character": "character-1645148309.json",
			"event_id": "dialogic_001",
			"portrait": "",
			"text": "- São coisas diferentes! Eu me vejo como mulher, isso se chama identidade de gênero, mas me sinto atraída por mulheres. Entendeu?"
		},
		{
			"character": "character-1647539097.json",
			"event_id": "dialogic_001",
			"portrait": "",
			"text": "- Acho que sim… Você pode explicar um pouquinho melhor?"
		},
		{
			"character": "character-1645148309.json",
			"event_id": "dialogic_001",
			"portrait": "",
			"text": "- Nossa orientação sexual é por quem nós temos interesse, eu gosto de mulheres, isso não tem nada a ver com a pessoa que eu sou. Eu sou uma mulher trans, nasci num corpo de homem, mas não me via dessa forma. Ficou mais claro assim?"
		},
		{
			"character": "character-1647539097.json",
			"event_id": "dialogic_001",
			"portrait": "",
			"text": "- Nossa agora sim entendi! Muito obrigado pela sua disposição em me ensinar, nunca tinha parado pra pensar assim antes!"
		},
		{
			"character": "",
			"event_id": "dialogic_001",
			"portrait": "",
			"text": "Seu problema foi resolvido, volte para o RH."
		},
		{
			"event_id": "dialogic_022",
			"transition_duration": 1
		}
	],
	"metadata": {
		"dialogic-version": "1.3",
		"file": "timeline-1647539068.json",
		"name": "timeline4"
	}
}
