{
	"events": [
		{
			"character": "character-1645147809.json",
			"event_id": "dialogic_001",
			"portrait": "",
			"text": "- Oi, chefe. Que ótimo lhe ver por aqui :)"
		},
		{
			"character": "character-1645148309.json",
			"event_id": "dialogic_001",
			"portrait": "",
			"text": "- Apenas estou dando uma passada nas salas para saber se está tudo bem."
		},
		{
			"character": "character-1645147809.json",
			"event_id": "dialogic_001",
			"portrait": "",
			"text": "- Comigo está tudo ótimo!!! Mas... "
		},
		{
			"character": "character-1645148309.json",
			"event_id": "dialogic_001",
			"portrait": "",
			"text": "- Mas...?"
		},
		{
			"character": "character-1645147809.json",
			"event_id": "dialogic_001",
			"portrait": "",
			"text": "- Seria bom se você fosse na sala da Larissa..."
		},
		{
			"character": "character-1645148309.json",
			"event_id": "dialogic_001",
			"portrait": "",
			"text": "- Por quê? Aconteceu algo?"
		},
		{
			"character": "character-1645147809.json",
			"event_id": "dialogic_001",
			"portrait": "",
			"text": "- Veja você mesmo."
		},
		{
			"character": "",
			"event_id": "dialogic_001",
			"portrait": "",
			"text": "Vá para a sala 2"
		},
		{
			"event_id": "dialogic_022",
			"transition_duration": 2
		}
	],
	"metadata": {
		"dialogic-version": "1.3",
		"file": "timeline-1645147839.json",
		"name": "timeline1"
	}
}
