{
	"events": [
		{
			"event_id": "dialogic_024",
			"set_theme": "theme-1647262576.cfg"
		},
		{
			"action": "join",
			"character": "character-1647262996.json",
			"event_id": "dialogic_002",
			"mirror": false,
			"portrait": "",
			"position": {
				"0": true,
				"1": false,
				"2": false,
				"3": false,
				"4": false
			}
		},
		{
			"character": "character-1647262996.json",
			"event_id": "dialogic_001",
			"portrait": "",
			"text": "- Boa tarde, conseguimos resolver seu problema com sua ficha. Você só precisa finalizar na recepção agora."
		},
		{
			"character": "character-1645148309.json",
			"event_id": "dialogic_001",
			"portrait": "",
			"text": "- Obrigada pela ajuda com meu nome."
		},
		{
			"character": "",
			"event_id": "dialogic_001",
			"portrait": "",
			"text": "Vá para a recepção"
		},
		{
			"event_id": "dialogic_022",
			"transition_duration": 1
		}
	],
	"metadata": {
		"dialogic-version": "1.3",
		"file": "timeline-1647540983.json",
		"name": "timeline6"
	}
}
