{
	"events": [
		{
			"character": "character-1648412143.json",
			"event_id": "dialogic_001",
			"portrait": "",
			"text": "- Você já conheceu o novo diretor da nossa área?"
		},
		{
			"character": "character-1647538617.json",
			"event_id": "dialogic_001",
			"portrait": "",
			"text": "- Ainda não, mas disseram que ele é bem rígido."
		},
		{
			"character": "character-1648412143.json",
			"event_id": "dialogic_001",
			"portrait": "",
			"text": "- Rígido? Ele me proibiu de usar minha camiseta porque acha “militante”."
		},
		{
			"character": "character-1647538617.json",
			"event_id": "dialogic_001",
			"portrait": "",
			"text": "- Mas essa camiseta é de bicha, não é muito adequado um gerente de vendas usar."
		},
		{
			"character": "character-1648412143.json",
			"event_id": "dialogic_001",
			"portrait": "",
			"text": "- Primeiramente, ela não fere o código de vestimenta da empresa. Em segundo lugar, é extremamente ofensivo você me chamar de “bicha”"
		},
		{
			"character": "character-1647538617.json",
			"event_id": "dialogic_001",
			"portrait": "",
			"text": "- Tá ofendidinha? Mas é isso que você é, viado, não é homem de verdade."
		},
		{
			"event_id": "dialogic_022",
			"transition_duration": 1
		}
	],
	"metadata": {
		"dialogic-version": "1.3",
		"file": "timeline-1648214655.json",
		"name": "Lucas3"
	}
}
