{
	"events": [
		{
			"character": "character-1647538617.json",
			"event_id": "dialogic_001",
			"portrait": "",
			"text": "- Bem-vinda nova funcionária! Animada para o seu primeiro dia de trabalho?"
		},
		{
			"character": "character-1648412180.json",
			"event_id": "dialogic_001",
			"portrait": "",
			"text": "- Muito! Mal posso esperar para começar logo."
		},
		{
			"character": "character-1647538617.json",
			"event_id": "dialogic_001",
			"portrait": "",
			"text": "- Que bom! Só preciso que assine esses papéis e já está liberada para sua sala."
		},
		{
			"character": "character-1648412180.json",
			"event_id": "dialogic_001",
			"portrait": "",
			"text": "-..."
		},
		{
			"character": "character-1647538617.json",
			"event_id": "dialogic_001",
			"portrait": "",
			"text": "- Algum problema?"
		},
		{
			"character": "character-1648412180.json",
			"event_id": "dialogic_001",
			"portrait": "",
			"text": " - Os papéis não têm braille?"
		},
		{
			"character": "character-1647538617.json",
			"event_id": "dialogic_001",
			"portrait": "",
			"text": "- Não..."
		},
		{
			"character": "character-1648412180.json",
			"event_id": "dialogic_001",
			"portrait": "",
			"text": "- E como vou saber onde devo assinar? Sou deficiente visual."
		},
		{
			"character": "character-1647538617.json",
			"event_id": "dialogic_001",
			"portrait": "",
			"text": "- Mil desculpas! Nunca tivemos deficientes visuais na empresa. Vou tentar resolver o seu problema. Por enquanto pode se acomodar na sua mesa."
		},
		{
			"character": "character-1648412180.json",
			"event_id": "dialogic_001",
			"portrait": "",
			"text": "- Pode me passar as direções? Não tem sinalização tátil no chão…"
		},
		{
			"character": "character-1647538617.json",
			"event_id": "dialogic_001",
			"portrait": "",
			"text": "- Ok... Desça na primeira porta à esquerda, vire à direita e depois à esquerda, é a primeira sala."
		},
		{
			"character": "character-1648412180.json",
			"event_id": "dialogic_001",
			"portrait": "",
			"text": "Obrigada."
		},
		{
			"character": "character-1647538617.json",
			"event_id": "dialogic_001",
			"portrait": "",
			"text": "Encontre sua sala."
		},
		{
			"event_id": "dialogic_022",
			"transition_duration": 1
		}
	],
	"metadata": {
		"dialogic-version": "1.3",
		"file": "timeline-1648215459.json",
		"name": "Ana2"
	}
}
