{
	"events": [
		{
			"event_id": "dialogic_024",
			"set_theme": "theme-1647262576.cfg"
		},
		{
			"action": "join",
			"character": "character-1647966059.json",
			"event_id": "dialogic_002",
			"mirror": false,
			"portrait": "",
			"position": {
				"0": true,
				"1": false,
				"2": false,
				"3": false,
				"4": false
			}
		},
		{
			"character": "character-1647966059.json",
			"event_id": "dialogic_001",
			"portrait": "",
			"text": "- Você é a Glória?"
		},
		{
			"character": "character-1645148309.json",
			"event_id": "dialogic_001",
			"portrait": "",
			"text": "- Sim, sou eu mesma."
		},
		{
			"character": "character-1647966059.json",
			"event_id": "dialogic_001",
			"portrait": "",
			"text": "- Perfeito. Recentemente houve uma revisão no sistema e parece que encontraram problema no seu perfil."
		},
		{
			"character": "character-1645148309.json",
			"event_id": "dialogic_001",
			"portrait": "",
			"text": "- Nossa, e o que eu posso fazer?"
		},
		{
			"character": "character-1647966059.json",
			"event_id": "dialogic_001",
			"portrait": "",
			"text": "- A ordem é se dirigir a recepção."
		},
		{
			"character": "character-1645148309.json",
			"event_id": "dialogic_001",
			"portrait": "",
			"text": "- Certo, obrigada."
		},
		{
			"character": "",
			"event_id": "dialogic_001",
			"portrait": "",
			"text": "Vá para a recepção."
		},
		{
			"event_id": "dialogic_022",
			"transition_duration": 1
		}
	],
	"metadata": {
		"dialogic-version": "1.3",
		"file": "timeline-1647966032.json",
		"name": "timeline01"
	}
}
