{
	"events": [
		{
			"character": "character-1648412143.json",
			"event_id": "dialogic_001",
			"portrait": "",
			"text": "- Vim realizar uma denúncia de homofobia."
		},
		{
			"character": "character-1647262996.json",
			"event_id": "dialogic_001",
			"portrait": "",
			"text": "- Claro. Irei te entregar uma ficha, mas antes preciso saber quem foi o autor do caso."
		},
		{
			"character": "character-1648412143.json",
			"event_id": "dialogic_001",
			"portrait": "",
			"text": "- Pronto, preenchido."
		},
		{
			"character": "character-1647262996.json",
			"event_id": "dialogic_001",
			"portrait": "",
			"text": "- O diretor de vendas? Você tem certeza?"
		},
		{
			"character": "character-1648412143.json",
			"event_id": "dialogic_001",
			"portrait": "",
			"text": "- Sim, ele ofendeu as roupas que eu usava."
		},
		{
			"character": "character-1647262996.json",
			"event_id": "dialogic_001",
			"portrait": "",
			"text": "-  Você sabe que denúncias à pessoas com cargos altos pode gerar consequências negativas à você. Ainda mais por fazer parte da comunidade LGBTQIA+..."
		},
		{
			"character": "character-1648412143.json",
			"event_id": "dialogic_001",
			"portrait": "",
			"text": "- Eu vou seguir com a denúncia. Não posso aceitar que um abuso desses aconteça com outras pessoas."
		},
		{
			"character": "character-1647262996.json",
			"event_id": "dialogic_001",
			"portrait": "",
			"text": "- Concordo completamente. Iniciarei sua denúncia. Por enquanto você pode ir à sala LAGER."
		},
		{
			"character": "character-1648412143.json",
			"event_id": "dialogic_001",
			"portrait": "",
			"text": "- Ok, obrigado."
		},
		{
			"event_id": "dialogic_022",
			"transition_duration": 1
		}
	],
	"metadata": {
		"dialogic-version": "1.3",
		"file": "timeline-1648214657.json",
		"name": "Lucas4"
	}
}
