{
	"events": [
		{
			"character": "character-1647540127.json",
			"event_id": "dialogic_001",
			"portrait": "",
			"text": "- Bem vinda à sala IPA! Fiquei sabendo que teve algumas dificuldades no seu primeiro dia… "
		},
		{
			"character": "character-1648412180.json",
			"event_id": "dialogic_001",
			"portrait": "",
			"text": "- Tive que me locomover e ler os documentos, além do capacitismo que diariamente sofremos…"
		},
		{
			"character": "character-1647540127.json",
			"event_id": "dialogic_001",
			"portrait": "",
			"text": "- Sinto muito por tudo o que você passou! Mas saiba que o IPA está aqui para te acolher, escutar, conscientizar outras pessoas e lutar pela maior acessibilidade."
		},
		{
			"character": "character-1648412180.json",
			"event_id": "dialogic_001",
			"portrait": "",
			"text": "- Que bom saber que existe um grupo de apoio e luta pela nossa minoria. Muitas vezes somos excluídos, porque pensam que temos limitações…"
		},
		{
			"character": "character-1647540127.json",
			"event_id": "dialogic_001",
			"portrait": "",
			"text": "- Agora você tem um lugar só seu! E não nos limitamos apenas a deficientes físicos, mas queremos sensibilizar nossos colaboradores cada vez mais sobre as individualidades e a importância delas aqui dentro da Ambev."
		},
		{
			"event_id": "dialogic_022",
			"transition_duration": 1
		}
	],
	"metadata": {
		"dialogic-version": "1.3",
		"file": "timeline-1648215462.json",
		"name": "Ana5"
	}
}
