{
	"events": [
		{
			"event_id": "dialogic_024",
			"set_theme": "theme-1647262576.cfg"
		},
		{
			"action": "join",
			"character": "character-1647538617.json",
			"event_id": "dialogic_002",
			"mirror": false,
			"portrait": "",
			"position": {
				"0": true,
				"1": false,
				"2": false,
				"3": false,
				"4": false
			}
		},
		{
			"character": "character-1647538617.json",
			"event_id": "dialogic_001",
			"portrait": "",
			"text": "- Com licença, acho que você entrou no lugar errado."
		},
		{
			"character": "character-1645148309.json",
			"event_id": "dialogic_001",
			"portrait": "",
			"text": "- Aqui não é o banheiro?"
		},
		{
			"character": "character-1647538617.json",
			"event_id": "dialogic_001",
			"portrait": "",
			"text": "- Sim, o banheiro feminino."
		},
		{
			"character": "character-1645148309.json",
			"event_id": "dialogic_001",
			"portrait": "",
			"text": "- Então eu estou certa."
		},
		{
			"character": "character-1647538617.json",
			"event_id": "dialogic_001",
			"portrait": "",
			"text": "- Mas você não é mulher…"
		},
		{
			"character": "character-1645148309.json",
			"event_id": "dialogic_001",
			"portrait": "",
			"text": "- Eu sou uma mulher trans."
		},
		{
			"character": "character-1647538617.json",
			"event_id": "dialogic_001",
			"portrait": "",
			"text": "- Mas você não nasceu mulher, portanto você não é mulher. Peço que você se retire. "
		},
		{
			"character": "character-1645148309.json",
			"event_id": "dialogic_001",
			"portrait": "",
			"text": " - Sinto muito, mas eu vou usar esse banheiro, é meu direito. "
		},
		{
			"character": "",
			"event_id": "dialogic_001",
			"portrait": "",
			"text": "- Vá para a Copa."
		},
		{
			"event_id": "dialogic_022",
			"transition_duration": 1
		}
	],
	"metadata": {
		"dialogic-version": "1.3",
		"file": "timeline-1647262466.json",
		"name": "timeline3"
	}
}
