{
	"events": [
		{
			"character": "character-1645147809.json",
			"event_id": "dialogic_001",
			"portrait": "",
			"text": "- Bom dia Dra. Isabela, como anda a sua gravidez?"
		},
		{
			"character": "character-1648412164.json",
			"event_id": "dialogic_001",
			"portrait": "",
			"text": "- Bom dia! Já está no segundo trimestre, cada dia mais ansiosa."
		},
		{
			"character": "character-1645147809.json",
			"event_id": "dialogic_001",
			"portrait": "",
			"text": "- Que ótimo! Mas infelizmente tenho um assunto sério a ser tratado. Como a Sra é a única diretora mulher, acho melhor ser conversado com você."
		},
		{
			"character": "character-1648412164.json",
			"event_id": "dialogic_001",
			"portrait": "",
			"text": "- Claro, qual o problema?"
		},
		{
			"character": "character-1645147809.json",
			"event_id": "dialogic_001",
			"portrait": "",
			"text": "- Uma funcionária da sua área alega ter sido assediada e está com medo de relatar ao RH. Como você comanda a WEISS, pode ajudá-la."
		},
		{
			"character": "character-1648412164.json",
			"event_id": "dialogic_001",
			"portrait": "",
			"text": "- Meu Deus! Vou ajudá-la imediatamente."
		},
		{
			"character": "character-1645147809.json",
			"event_id": "dialogic_001",
			"portrait": "",
			"text": "Encontre essa mulher."
		},
		{
			"event_id": "dialogic_022",
			"transition_duration": 1
		}
	],
	"metadata": {
		"dialogic-version": "1.3",
		"file": "timeline-1648215188.json",
		"name": "Isabela1"
	}
}
