{
	"events": [
		{
			"event_id": "dialogic_024",
			"set_theme": "default-theme.cfg"
		},
		{
			"character": "",
			"event_id": "dialogic_001",
			"portrait": "",
			"text": "- Bem-vindo ao nosso grupo de apoio à comunidade preta. Aconteceu alguma coisa no seu primeiro dia?"
		},
		{
			"character": "character-1648056573.json",
			"event_id": "dialogic_001",
			"portrait": "",
			"text": "- Os problemas que nós passamos diariamente sobre preconceito e desconfiança."
		},
		{
			"character": "",
			"event_id": "dialogic_001",
			"portrait": "",
			"text": "- Isso não deveria acontecer! Por isso estamos aqui para te ajudar com qualquer situação como essa."
		},
		{
			"character": "character-1648056573.json",
			"event_id": "dialogic_001",
			"portrait": "",
			"text": "- Mas como?"
		},
		{
			"character": "",
			"event_id": "dialogic_001",
			"portrait": "",
			"text": "- Aqui na AMBEV temos grupos que representam minorias e transformam nossa empresa. "
		},
		{
			"character": "character-1648056573.json",
			"event_id": "dialogic_001",
			"portrait": "",
			"text": "-  Que bom que tenho uma comunidade que me entende, é horrível se sentir excluído e discriminado no trabalho…"
		},
		{
			"character": "",
			"event_id": "dialogic_001",
			"portrait": "",
			"text": "- Agora você não está mais sozinho, sempre que precisar é só vir aqui na sala BOCK que resolveremos! Assim construímos um ambiente com respeito e sem preconceito."
		},
		{
			"event_id": "dialogic_022",
			"transition_duration": 1
		}
	],
	"metadata": {
		"dialogic-version": "1.3",
		"file": "timeline-1648214480.json",
		"name": "Joao6"
	}
}
