{
	"events": [
		{
			"character": "character-1647966059.json",
			"event_id": "dialogic_001",
			"portrait": "",
			"text": "- Bom dia, Lucas!"
		},
		{
			"character": "character-1648412143.json",
			"event_id": "dialogic_001",
			"portrait": "",
			"text": "- Bom dia!"
		},
		{
			"character": "character-1647966059.json",
			"event_id": "dialogic_001",
			"portrait": "",
			"text": "- Você ficou sabendo do novo diretor que chegou na empresa?"
		},
		{
			"character": "character-1648412143.json",
			"event_id": "dialogic_001",
			"portrait": "",
			"text": "- Fiquei sim, ele já está no prédio?"
		},
		{
			"character": "character-1647966059.json",
			"event_id": "dialogic_001",
			"portrait": "",
			"text": "- Sim, acabou de chegar."
		},
		{
			"character": "character-1648412143.json",
			"event_id": "dialogic_001",
			"portrait": "",
			"text": "- Ele parece ser legal?"
		},
		{
			"character": "character-1647966059.json",
			"event_id": "dialogic_001",
			"portrait": "",
			"text": "- Bom… Acho bom você conhecer ele."
		},
		{
			"character": "character-1648412143.json",
			"event_id": "dialogic_001",
			"portrait": "",
			"text": "- Sabe onde ele está?"
		},
		{
			"character": "character-1647966059.json",
			"event_id": "dialogic_001",
			"portrait": "",
			"text": "- Na sala dele, diretoria de vendas."
		},
		{
			"character": "character-1648412143.json",
			"event_id": "dialogic_001",
			"portrait": "",
			"text": "- Obrigado!"
		},
		{
			"character": "",
			"event_id": "dialogic_001",
			"portrait": "",
			"text": "Vá até o novo diretor."
		},
		{
			"event_id": "dialogic_022",
			"transition_duration": 1
		}
	],
	"metadata": {
		"dialogic-version": "1.3",
		"file": "timeline-1648214653.json",
		"name": "Lucas1"
	}
}
