{
	"events": [
		{
			"event_id": "dialogic_024",
			"set_theme": "theme-1647262576.cfg"
		},
		{
			"action": "join",
			"character": "character-1647262996.json",
			"event_id": "dialogic_002",
			"mirror": false,
			"portrait": "",
			"position": {
				"0": true,
				"1": false,
				"2": false,
				"3": false,
				"4": false
			}
		},
		{
			"character": "character-1647262996.json",
			"event_id": "dialogic_001",
			"portrait": "",
			"text": "- Olá, funcionária nova?"
		},
		{
			"character": "character-1645148309.json",
			"event_id": "dialogic_001",
			"portrait": "",
			"text": "- Sim. Pedro pediu para que eu viesse aqui porque sou uma mulher trans e ele queria saber meu primeiro nome."
		},
		{
			"character": "character-1647262996.json",
			"event_id": "dialogic_001",
			"portrait": "",
			"text": "- Tá, mas qual seu primeiro nome?"
		},
		{
			"character": "character-1645148309.json",
			"event_id": "dialogic_001",
			"portrait": "",
			"text": "- Esse é o problema. Eu não me sinto confortável para falar."
		},
		{
			"character": "character-1647262996.json",
			"event_id": "dialogic_001",
			"portrait": "",
			"text": "- Entendi.... Só um momento."
		},
		{
			"character": "character-1647262996.json",
			"event_id": "dialogic_001",
			"portrait": "",
			"text": "- Nunca tivemos uma mulher trans em nossa empresa, eu não sei o que fazer."
		},
		{
			"character": "character-1647262996.json",
			"event_id": "dialogic_001",
			"portrait": "",
			"text": "- Enquanto eu resolvo, pode ir conhecendo a nossa empresa."
		},
		{
			"character": "character-1645148309.json",
			"event_id": "dialogic_001",
			"portrait": "",
			"text": "- Eu estava precisando ir ao banheiro mesmo, com licença."
		},
		{
			"character": "",
			"event_id": "dialogic_001",
			"portrait": "",
			"text": "Vá ao banheiro."
		},
		{
			"event_id": "dialogic_022",
			"transition_duration": 1
		}
	],
	"metadata": {
		"dialogic-version": "1.3",
		"file": "timeline-1647262444.json",
		"name": "timeline2"
	}
}
