{
	"events": [
		{
			"event_id": "dialogic_024",
			"set_theme": "theme-1647262576.cfg"
		},
		{
			"character": "character-1645148309.json",
			"event_id": "dialogic_001",
			"portrait": "",
			"text": "- Boa tarde, sou a Glória, vim finalizar minha ficha."
		},
		{
			"action": "join",
			"character": "character-1645147809.json",
			"event_id": "dialogic_002",
			"mirror": false,
			"portrait": "",
			"position": {
				"0": true,
				"1": false,
				"2": false,
				"3": false,
				"4": false
			}
		},
		{
			"character": "character-1645147809.json",
			"event_id": "dialogic_001",
			"portrait": "",
			"text": "- Ah claro, você é o traveco que estava com o nome errado no sistema."
		},
		{
			"character": "character-1645148309.json",
			"event_id": "dialogic_001",
			"portrait": "",
			"text": "- Transsexual, não traveco."
		},
		{
			"character": "character-1645147809.json",
			"event_id": "dialogic_001",
			"portrait": "",
			"text": "- Mas não é isso que você é? "
		},
		{
			"character": "character-1645148309.json",
			"event_id": "dialogic_001",
			"portrait": "",
			"text": "- Sou transsexual. Traveco é uma forma ofensiva! É como xingar alguém, entendeu?"
		},
		{
			"character": "character-1645147809.json",
			"event_id": "dialogic_001",
			"portrait": "",
			"text": "- Mil desculpas! Eu não fazia ideia de que era um xingamento…"
		},
		{
			"character": "character-1645148309.json",
			"event_id": "dialogic_001",
			"portrait": "",
			"text": "- Sem problemas, é conversando e escutando os outros que se aprende. Só não repetir esse mesmo erro a partir de agora."
		},
		{
			"character": "character-1645147809.json",
			"event_id": "dialogic_001",
			"portrait": "",
			"text": "- Eu deveria conversar mais com as pessoas do grupo LAGER, para cada vez mais aprender sobre o tema."
		},
		{
			"character": "character-1645148309.json",
			"event_id": "dialogic_001",
			"portrait": "",
			"text": "- Grupo LAGER???"
		},
		{
			"character": "character-1645147809.json",
			"event_id": "dialogic_001",
			"portrait": "",
			"text": "- Sim, eu não sei explicar muito bem sobre eles, mas eles tem uma sala aqui no escritório, lá eles podem te explicar melhor sobre."
		},
		{
			"character": "",
			"event_id": "dialogic_001",
			"portrait": "",
			"text": "Vá para sala LAGER"
		},
		{
			"event_id": "dialogic_022",
			"transition_duration": 1
		}
	],
	"metadata": {
		"dialogic-version": "1.3",
		"file": "timeline-1647540989.json",
		"name": "timeline7"
	}
}
